Name,@,alt@,reasons,extra notes

Brazilian Miku, @ThatGyaruMiku, , ,

OOVIKOCKED POPSTARğŸ¦Š, @Lustfull_Ahri, , ,

Samus (HAG)ran, @SquatSuckerAran, , ,

MEI-ME I, @cr0w_h0e, , ,

KUGISAKI, @NOBAWHORE, , ,

Cindy, @LOVINGBUNNY, , ,

(Rebecca), @ciberwhOre, , ,

GoonerTv, @kckolo21, , ,

Juri SPOOKY, @FXTALHXNG, , ,

Mirko, @ReinaShxtalover, , ,

lyOUr, @MsLyourUwU, , ,

RAT BIMBO, @UNDERCXVERBIMBO, , ,

MUICHIROU, @Muichiwhxre, , ,

TZaleth, @Zalethibe, , ,

â€¢ ANGEL DEVIL!!, @FutboFemboy, , ,

NATHALI VVIP 1, @kevteteran, , ,

"Tiny" BULL, @morochaacida, , ,

MADDIE, @BLONDEBIMBO, , ,

CLUSS Y, @BallOTers, , ,

Coco, @iCoqu1to, , ,

Burnice White, @ButterflyOfSex2, , ,

Yes, @Richard31502, , ,

Karma, @IonianBitch, , ,

Gloria De galar, @GloriaGalar185, , ,

It's me, @SelfAdoSense, , ,

Zelda Princess, @ZeldaHyrule_Rp, , ,

Mitsuri Kanroji, @Multisexpj, , ,

GET HACKED!, @HACKINGTITS, , ,

SUZIQ~!ğŸ‡®ğŸ‡¹, @ITALIAN MILF0, , ,

Sissy Fagmeat | Multiverse Cabin, @SissyFagmeat, , ,

NIGRO ROBINğŸ´â€â˜ ï¸ , @PIRATEOFSPADES, , ,

The War Devil |, @FEMCELOFWAR, , ,

Danii V (esposa de @SamuSs69Xx), @Blackedsubslut, , ,

S-Lucretia5, @Vampiramommy1, , ,

EMPRESS, @GODTIERCHINK, , ,

maÃ®tresse cathara, @cathara581645, , ,

suraidah lembut, @igunwookk, , ,

HOE KIMAâ—ï¸, @DevilPAAG_, , ,

sera, @STARRYEYEDPAAG, , ,

ayolah konten pribadi, @cekin42889, , ,

JACK PIXUP, @jack_pickups, , ,

ayolah PMS, @Ramayanii63463, , ,

mretched egg ğŸ–¤$4 sale!, @still_haunted, , ,

Power, @BLXCKPXWA, , ,

SOWGUN OF WANO, @OniBalt, , ,

KITAGAWA, @SLUT LUMINE, , ,

ØªØ§Ù„Ø©, @BeautyTala77, , ,

à¸«à¸¡à¸µà¹ˆà¸à¸¹, @hmph544066, , ,

NASSIR, @KIDNTDOOR, , ,

Homeless hot man, @Streetlove, , ,

Paige Taylor, @urspicypaigexo, , ,

Htxxmadds, @HtxxmaddsCallie, , ,

Chichi~, @Milf slutt, , ,

THE STRONGEST FIGHTER, @knott3dbeast, , ,

THAT AWFUL ATTORNEY, @NIGGATTORNEY, , ,

Yå³°, @FengJi76131, , ,

å°¾èŠ±.-ï¼ˆâ€œhun-Li), @BLACKEDLI, , ,

space angel!, @ASSTRONOMICAL, , ,

VENTI'S CUCK, @MARICACUCK, , ,

Xayah, @Xayah5Hole, , ,

princess rebeca, @perf3ctprincess, , ,

à¸™à¹‰à¸­à¸‡à¹à¸ªà¸™à¸”à¸µğŸŒ¸à¹à¸¥à¸à¸£à¸µà¸—à¸§à¸´à¸•ğŸŒ¸, @tkt40063724586, , ,

Rizarol, @Rizalindahxp, , ,

Yourichi, @FutaA21, , ,

Anna Bianca, @AnnaBianca_X, , ,

Aurora, @_SIxttyBryni, , ,

â€¢ dinkley, @MisteryCoock, , ,

MONSE, @takarada_, , ,

TS Ariana, @ariana slavers, , ,

Cici, @dreamyycici, , ,

Tylar Mitchell, @TylarNicolexx, , ,

EspÃ­a pende jaâ™ ï¸, @ZORR1T4QLONA, , ,

bunniemma, @BeckerAlin50002, , ,

pirate empress, @snakeprncss, , ,

Luna, @Luna Shout, , ,

ESPOSA TROFEO, @TrofeoEsposa, , ,

ğŸ‡¦ğŸ‡·Gâ€¢Oâ€¢Tâ€¢Hâ€¢Iâ€¢ğ‚ â™ ï¸ Bâ€¢Iâ€¢Tâ€¢Câ€¢ğ»âœ™, @GothixBitch_, , ,

Emma, @____Dxrling, , ,

SilkyJohnson, @ho56626, , ,

Karley & Brooke ğŸ’–, @wydstepsissy, , ,

UltimateHotties Promo, @rw555ultimate1, , ,

ğŸ³ï¸â€ğŸŒˆBi male promoting the hottest ladies aroundğŸ”¥Cover girl, @BeoliaSFW, , ,

ğğ„ğ– ğ‘ğ„ğ†ğˆğ’ğ“ğ‘ğ€ğ“ğˆğğÂ¿?, @sukunwoman, , ,

., @pasiftolgaizmir, , ,

Aficionado ~ ã«ã‚“ã˜ã‚ƒ, @MidjourneyNinja, , ,

JaJaJy, @lyJajajy611I, , ,

Edgar Tabora, @edgar_tabo97318, , ,

ğŸ¾Belu de OkayuğŸ¾, @Belu_Horny, , ,

GalaxydollğŸª($15 FANSLY) $30 FT ShowsğŸ¥, @GalaxydollBu, , ,

PinkC00chie Panther ğŸ«§ğŸˆ, @lilfyneshyt, , ,

Darkness shall surround your mind, @CosmosParasite, , ,

ã‹ãã‚€ã— C105 æœˆ æ±ãƒ¤-19a, @kagimushidayo, , ,

à¸šà¸¸à¹‹à¸¡à¸¡à¸¡ğŸ¤, @GabriellaW63552, , ,

pornoagogo, @pornoagogowow, , ,

leiğŸ”on holiday! âœˆï¸, @notlvd0312, , ,

Bhgfr, @Kevvv_wantya, , ,

Lip Locker Blairâ™¡, @LipLockerBlair, , ,

Hotrodsania, @__hotrodsania, , ,

Julie â˜¥â˜ªï¸â™¥ï¸â˜¸ï¸, @gillan45794, , ,

Jenny Summers ğŸ˜‰, @jenmilfsummers, , ,

ONLYFANS 50% OFF ğŸ‡µğŸ‡¹ 60k, @davidsantosfree, , ,

ã‚¢ãƒªã‚¹, @Alice050811, , ,

ğ•¿ğ˜©ğ‘’ ğ•¯ğ‘’ğ‘£ğ‘–ğ‘™ á´®Ë¡áµƒá¶œáµ! á´¬áµ˜, @HoneyLilGirl, , ,

neneeee, @iiiheartttnenee, , ,

Derion Figures, @18attractm, , ,

ğ‘»ğ’Šğ’•ğ’”Ë¡áµ’áµ›áµ‰17 ğŸ‡µğŸ‡¸ 5ï¸âƒ£0ï¸âƒ£ğŸ…º, @wearesinners177, , ,

à¸™à¹‰à¸­à¸‡à¸™à¹‰à¸³ğŸ’¦, @flaherty_k40983, , ,

dadbate136, @dadbate136, , ,

NuttyTouchğŸ”, @NuttyTouch, , ,

Zaddy Tony, @_zaddytony, , ,

ğŸ‘‘ KingBlackBun ğŸ‘‘, @KingBlackBun, , ,

XONEBET, @xonebets, , ,

YeÅŸimata, @Yesimataa1, , ,

Arielle Myles, @Arielle_myles88, , ,

ğ•origami ğ”¸lice, @Usagii_Alice, , ,

Throat Fairy ğŸ§šğŸ½, @Issathroatfairy, , ,

ğŸ’¦ â„•ğ•’ğ•¤ğ•¥ğ•ªğ•ª â„•ğ•šğ•”ğ• ğ•ğ•–ğŸ’¦, @NastyyNicole1, , ,

MikasAstray ğŸ”, @MikasAstray, , ,

A21kaung lay, @popbrownsixxxx1, , ,

à¹à¸•à¸‡à¹‚à¸¡à¸¡ğŸ‰ ğŸ’¦, @nongbiw3536, , ,

â„¬ ğğğ­ğ¡áµáµ ğŸ¦‡, @wassupj0, , ,

Lobisomem PidÃ£o ğŸº, @lobisomempidao, , ,

reikapoop, @Reikapoop1, , ,

Brazilian Miku, @ThatGyaruMiku, , ,

WONG,  @ASSWONGS, , ,

ğŸ‡¦ğŸ‡·Gâ€¢Oâ€¢Tâ€¢Hâ€¢Iâ€¢ğ‚ â™ ï¸ Bâ€¢Iâ€¢Tâ€¢Câ€¢ğ‡âœ™, @GothixBitch_, , ,

Derion Figures,@18attractm, , ,

Kira Perez, @Only_kira_perez, , ,

â˜…âœ° ğğ®ğ¥ğ¦ğš ğ­ğ¡ğ ğ¬ğœğ¢ğğ§ğ­ğ¢ğ¬ğ­ âœ°â˜…, @Bulma2233, , ,

Jccouple13, @jccouple13, , ,

LadySafu, @ladysafu, , ,

Lindsay Lee ğŸ’¦, @TheLindsayLee, , ,

PaigeyğŸ’•, @paigieenicole2, , ,

CHICAGOğŸ“ main pageğŸ‘‰ğŸ¼, @paigieenicolee1, , ,

lux, @lamegff, , ,

Aroma_skunk, @Aroma_Skunk, , ,

Max Diaz, @MaxDiaz73906521, , ,

KeepTouchingYourself, @LvMasturbating, , ,

Nay ğŸ’•, @nay2pr3tty, , ,

Richelle Mariee, @rechellemariee7, , ,

ğŸ§ƒJUIICEBOXXğŸ§ƒ, @Juiicyjaeemayb, , ,

BDSM Lovers, @BDSM_Pics758423, , ,

Tate News, @TateNews_, , ,

à¸™à¹‰à¸³, @namni1232, , ,

Cassidy Luxe, @itscassidyluxe, , ,

ğŸ·PigPumperğŸŒ¸â™ ï¸, @Thick_Piggy, , ,

Feminizing Î²etasğŸ’„0.5M+, @FeminizingBetas, , ,

DemiiVTâš¡ï¸ğŸ‘âš¡ï¸, @DemiiVT, , ,

Megan Marx, @fit_sub, , ,

only account, @pur1fye, , ,

â˜†audreyâ˜† top 5%, @SoooAudrey, , ,

ğŸ”Prime BoobağŸ” Commissions: CLOSED !, @PrimeBooba, , ,

Ná´á´› Sá´ IÉ´É´á´á´„á´‡É´á´› AÒ“á´›á´‡Ê€ AÊŸÊŸ~, @NXONPXNKPSXCHO, , ,

Same mun as, @FEMCELOFWAR, , ,

Pink Foxx, @HelloPink69, , ,

Pâ™¥ï¸RN & Porn, @porn_videos_06, , ,

DirtyChefX, @dirtychefx, , ,

YBD OPS ğŸ˜ˆğŸ´â€â˜ ï¸ğŸ¤´ğŸ¾, @ybd_ops, , ,

ã°ã‚‹ã˜ğŸŒ±, @Baruji_anime, , ,

The One and Only Sarah Princess ğŸ‘‘, @SarahNe28202994, , ,

â„•ğ•šğ•”ğ• ğ•ğ•– ğ•Šğ• ğ•  ğ•ğ•–ğ•¥ ğŸ‘ğŸ’¦ğŸŒŠ | FANSLY $7 ğŸ”¥, @nicolesoowet, , ,

pinkcap / FANBOXğŸ”, @pinkcap_m, , ,

barbie ğŸ¬ NO PPV, @dverauxisntdead, , ,

OnlyFiltrados, @Onlyfiltrado, , ,

Littleblonde SWE, @LittleblondeSwe, , ,

ã‚ãƒ„ã‚®, @atsuatsugsan, , ,

ğŸ’—Mommy Cammy ğŸ’—, @TrainerCameron1, , ,

FutaPlus, @FutaPlus, , ,

SunRise, @riyah_nae8, , ,

windy la perra pelirojağŸ”¥ğŸ”¥ğŸ”¥ğŸ˜ˆğŸ˜ˆ, @xemovia3, , ,

Gen ğŸ’‹, @scorpiogenesis, , ,

NoelğŸ¥¶, @RealKingNo, , ,

thomsonğŸ”, @thomthomson1217, , ,

ğŸˆâ€â¬› à¾€à½² ., @q_jr18, , ,

Arabs SexğŸ˜ˆğŸ”¥, @s_a_d_n_20, , ,

Naruto Uzumaki, @Naruto_BigDick, , ,

ğ‘·ğ’‚ğ’“ğ’‚ğ’…ğ’Šğ’”ğ’, @AI_wather666, , ,

winnie ğ“†©â™¡ğ“†ª, @puppiwi, , ,

ãƒªã‚³ã‚·ã‚§ãƒƒãƒˆå¤ã‚³ãƒŸ(æ—¥) æ±ï¼­33ab, @RIKOSYEGOSUB, , ,

tabby ğŸ“, @StrawberyTabby, , ,

Sawa, @hwa_sawa, , ,

ğŠing of ğ’issies ğŸ‘‘, @kingofsissies, , ,

ManonMan-WC, @Man_in_Paarl, , ,

em, @emarrbb, , ,

v â™¡ (â‡€ 3 â†¼), @sasukefancIub, , ,

Big DropTop, @Lord_Bonifacio, , ,

synchronğŸ”C105æ—¥æ›œæ±ï¼£-42b, @synchron5d, , ,

Call me Papi, @papikocic, , ,

lUwUlâ€¢Z, @UwU92728921, , ,

Dara Anjelika, @AnjelikaDara, , ,

Valeria, @valeriamarrss, , ,

shiguang, @thestonedtwink, , ,

JUS JERMANY, @MrJermany, , ,

Ava, @ariixava, , ,

Ohasi, @OhasiArt, , ,

stella ÊšÉ, @digitalxgf, , ,

Hole Renfrew, @IzaiahWedgeAD, , ,

minachuu, @minachuuwu, , ,

Bella ğŸŒ¹, @greengirlbella_, , ,

Sexxymilf1030, @sexxymilf1030, , ,

Moon ğŸ¨, @moonloverwitch, , ,

mary, @mary_jane_53, , ,

ğŸ„Caelus ğŸ„(El trazacaminos), @carlos_senpai2, , ,

S H I N I G A M I, @acid666host, , ,

kat ğ“†©ê¨„ï¸ğ“†ª, @kuwxmi, , ,

Mell/ fevercell, @mellymelly_luv, , ,

.Â·:*Â¨à¼º á´‹Î±ÑÉªÎ·Î± á´˜Î±Ñá´‹ à¼»Â¨*:Â·., @KPark_Model, , ,

â™ï¸, @chialex8, , ,

ğ–œğ–—ğ–Šğ–™ğ–ˆğ–ğ–Šğ–‰ ğ–Šğ–Œğ–Œ, @haunted_sundae, , ,

Pietra Mancini XXL ğŸ†, @ManciniPietra, , ,

ğŸ¾ğŸ€OÊ…Î¹Ê‹Î¹Î± ğŸ€ğŸ¾, @flavrdbleachh, , ,

YampağŸ”, @yampahood, , ,

Schmutzo, @schmutzoart, , ,

Solidus ğŸ” 2/5, @sun_fail, , ,

è‰²ğŸ”, @ShikisokuZeku76, , ,

Battle Maidens by Crisisbeat!,@crisisbeat4, , ,

ğ—¦ğ—›ğ—˜-ğ—©ğ—˜ğ—¡ğ—¢ğ— , @SymbioticBully, , ,

netural/fevercell, @netural1175, , ,

Emma Magnolia, @theemmamag, , ,

Qtee Foxx (Top 0.4% OF)ğŸ¦ŠğŸ‡¸ğŸ‡ª, @QteeFoxx, , ,

ğ˜Ÿğ˜¹ğ˜­ğ˜¢ğ˜ºğ˜¯ğ˜¢ ğ˜”ğ˜¢ğ˜³ğ˜ªğ˜¦ ğŸ¦‹, @XxlaynaMarie_, , ,

Rose Thorne, @RealRoseThorne, , ,

Mistress Angela ğŸ–¤ (She Devil ğŸ˜ˆ)ğŸ’°ğŸ’¦, @mistressAngieF1, , ,

â™¡â™’ï¸, @hayileelvul, , ,

ğŸ–¤, @_d96xo, , ,

ğŸ¥€ VALPRIINSYğŸ¥€, @VALPRIINSY, , ,

â€¢ ğ™…ğ™ğ™£, @TornaKitty, , ,

Lex ğŸ», @leximaryyy, , ,

Celes-chan âš¡/ Soraka ğŸ”®/ Elizabeth ğŸ‘¼, @girlfate19, , ,

Liv, @theoliviamonet, , ,

ë©”í™*MHğŸ’™, @fm_r3dslov3, , ,

Chibi slut~ğŸ¼ (HIATUS tiempo indefinido), @carolinas_slut, , ,

ç¢©_æˆ°ç¥ï¼ˆåŒ—äº¬ï¼‰åŸåˆ›, @LHmengD19s, , ,

MistressMindâ¤, @Mistressmind88, , ,

WanderLustWorld2019, @WanderLustWorl, , ,

æ°´ç€¬ãƒ¬ã‚¤|ãŠä»•äº‹å‹Ÿé›†ä¸­, @Rei_9146, , ,

Angel YoungsğŸ˜‡, @AngelYoungsxxx, , ,

ã‚·ãƒ£ãƒ¼ã‚„ã¾:Î©ğŸ”, @sheryama02, , ,

CjfursÂ², @cjfurs, , ,

cruz (29k), @cruzuklad, , ,

ğ‘« ğ‘¨ ğ‘µ ğ‘¨ğŸ¦‚, @cocovainilla15, , ,

Banjabu ğŸ”, @Banjabu1, , ,

ğŸ˜ˆğ¿ğ“Šğ’¾ğ“ğ’¶ ğ’Ÿğ‘’ğ“‹ğ’¾ğ“ğŸ˜ˆ, @luizadevil, , ,

BARA CAT, @BARA_CAT_, , ,

dani faye, @faeriebite, , ,

Xellos, @DomXellos, , ,

Disabled Boner (OPEN CUMM)ğŸ”, @DisabledFetus, , ,

Chinno, @bttmboychinno, , ,

Oui Oui Bitch ğŸ” White Bread Bakery ğŸ‡¨ğŸ‡µ, @la_bordeliere, , ,

bob the slayer, @slurpthisdic, , ,

Gabriela Belt, @GabrielaBelt1, , ,

Meagan McMahon, @ImeaganM, , ,

Katherine Masterman ğŸ”, @KathMasterman, , ,

ãƒ–ãƒ«ãƒ¼ã‚¢ãƒ¼ã‚«ã‚¤ãƒ–å…¬å¼, @Blue_ArchiveJP, , ,

tigronğŸ”, @tigron75249919, , ,

Karol Smith OficialÂ©ï¸, @KarolSmithGdl, , ,

ğŸ‡¨ğŸ‡¦OurSecretPlace780ğŸŒ¶, @Secretplace780, , ,

Brock Banks, @Brock_Banks_, , ,

ëª…ì´ MyungYi, @MyungYi_, , ,

Aurora North, @TsAuroraNorth, , ,

Nyantcha, @ThiccWithaQ, , ,

ReiağŸ€, @Reia_76, , ,

Site Beer, @sitesbeer, , ,

Kasara Wood âœ¨ğŸ’‹âœ¨, @kasarawood, , ,

ä¹…ç€¬ã‹ãªã‚, @kuze1219, , ,

Carmela Clutch | VEGAS | LA | MIA, @Carmela_Clutch, , ,

âœ§ğŸ¦‹à¼’ğ‘ºğ’‰ğ’ğ’“ğ’†ğ’Œğ’†ğ’†ğ’‘ğ’†ğ’“à¼’ğŸ¦‹âœ§, @ButterflyOfSex, , ,

Porfi, @PorfiMaximus, , ,

å‡ª, @000_teinou, , ,

Digital Distortion, @DigitalDistor10, , ,

Streachybear, @streachybear, , ,

wonbin lee/ARTROOMS, @wonbin_lee_, , ,

Ãrea Proibida âš ï¸, @areaproibida18, , ,

Dyll ğŸ”, @DyllZone, , ,

jewelzblu PROMO, @jewelzblu, , ,

TTOSOM, @ttosom58, , ,

Bambi Doe, @_BambiDoe, , ,

SWAYBATğŸ”, @Swaybat, , ,

Rev ğŸ”MINORS DNIğŸ”, @CultOfBakugou, , ,

ğŸ”å§‹ç«¥å¸ğŸ”ãƒªã‚ªæœ¬å§”è¨—ä¸­ğŸ”å†¬ã‚³ãƒŸãŠç–²ã‚Œæ§˜ã§ã—ãŸ, @G_shidoutei, , ,

ã‚ã‚Šã, @Ariso_17, , ,

mommy mew â³, @nariluvsu, , ,

PlanZ34 ğŸ” (COMMISSION CLOSE), @PlanZ34, , ,

Rebel Rhyder, @RebelRhyderXXX, , ,

protoamante, @protoamante, , ,

Wren ZephyrğŸ”, @WrenZephyr, , ,

El Machetudo, @elmachetudo_, , ,

ğŸŸæ·±æµ·TOROğŸŸğŸ”, @shinkaitoro, , ,

Heather Amethyst, @HeatherAmethyst, , ,

LesMotsBleus, @PourquoiPasToi, , ,

Embo, @Emboquo, , ,

ãƒ¯ã‚¤ãƒˆğŸ”, @seihekiog, , ,

gymgamergirl, @gymgamergirl, , ,

ã‚·ã‚ºãƒŠ, @shizuna1016, , ,

Elle Brooke, @ellebrookeuk, , ,

BANGSOM | fevercell, @_bangsom, , ,

BuffÑ‡, @streamerbxtch, , ,

Ê™ÊŸá´œá´‡á´›Êœá´‡Ê™á´É´á´‡, @bluethebone, , ,

ã†ãƒã‚“ãŸãğŸ”, @downfallwinter, , ,

åç„¡ã—, @piyoco_zzz, , ,

ãŸã‹ã„ã‚„ã‚“, @takaiyan_ab, , ,

milf, @atdelia_, , ,

KnuxxxyğŸ”, @Knuxxxy, , ,

ãˆã”ã€‚C105 æ—¥æ›œæ—¥ æ±7 h08b, @egoshiki, , ,

MonkeğŸ” (comms full), @Monke_Brush, , ,

ã‚¤ã‚ºãƒŸãƒ€ãƒ•ãƒ¦ã‚­ã€€ãƒãƒ€ãƒ©ãƒ©ãƒ³ãƒ–ãƒ«ï¼‘å·»ç™ºå£²ä¸­, @yatteyattaze, , ,

ã¥ã™, @dusu__hachikuji, , ,

é»’ã‚¨ãƒ¬ãƒ¬â—†FANBOXğŸ”, @IW__r18, , ,

ADULT LIFE, @hosteallife, , ,

Sax's ğŸ”(commissions open), @saxwakuy1, , ,

TWIN, @TT_Lsh, , ,

Brian Hardwood, @brian_hardwood, , ,

lunaycamila, @lunaycamila, , ,

Barb.,@xPocahunnit, , ,

ã‚¤ãƒ«ãƒ‡ã‚£ / 12ì½”, @ildy0, , ,

Chaseî¨€â„¢, @chaseemaz, , ,

kondom yenita., @0hrbmem, , ,

Miss Poison ğŸ’‹ 60% OFF, @xMissPoizon, , ,

ğ•Šğ•™ğ•–ğ•ğ•’ğ•ğ•– ğ”½ğ•¦ğ•Ÿ ğŸŒ¶, @TS_PlayAround, , ,

l, @chatteid, , ,

ADULT TIME, @AdultTimecom, , ,

â˜†Sweet-Pornstars.comâ˜†, @Sweet_Pornstars, , ,

ğ‘»ğ’‰ğ’† ğ‘·ğ’ğ’†ğ’‚ğ’”ğ’–ğ’“ğ’† ğ‘¯ğ’ğ’–ğ’”ğ’†, @PleasureeHousee, , ,

RealityPornKing ğŸ‘‘ PornStars, @RealityPornKing, , ,

DREDD, @DreddXXX, , ,

éƒ(IKU), @ikuchan_kaoru, , ,

Cecilia Lion, @officialcclionx, , ,

Edipo Rey ğŸ‘‘, @ediporeyyy, , ,

ã—ã‚ã˜ã‚ã†, @shimeji12171, , ,

shuffleğŸ”C105ä¸€æ—¥ç›® æ±7d13a ãƒ‹æ—¥ç›® æ±1L32ab, @shaffooooo, , ,

æœ€ä¸­ã‹ãƒ¼ã‚‹, @curl_Q_, , ,

CHELORRNAWWRRR, @chelorrnawwrrr, , ,

ã¼ã«ï½, @bonnie_3404, , ,

Michael Gooden, @mgooden314, , ,

Wannihs ğŸ”, @shinna_shinna, , ,

ã‹ã¿ã—ãğŸ”2æ—¥ç›®æ±A25ab, @Kamishiki_d1, , ,

Pro-p, @pro_p24, , ,

mossağŸ”, @mossacannibalis, , ,

è²“é¯¨, @Nekojira, , ,

ğŸ¦€ã½ã‚ˆğŸ¦€@ã€Œé™ç•Œå¥³ç¥ã€é€£è¼‰ä¸­, @hellmayuge, , ,

Ò“á´€É´á´…Ê, @fandybtw, , ,

Tirany Gonzalez, @TiranyGonzalez, , ,

Goz-o, @gorigoz_22, , ,

Gravelordâ˜ ï¸, @ohnojustino, , ,

Marie Temara, @MarieTemara, , ,

jessie, @jessiexraee, , ,

carlos aguilar, @hardpunkblue, , ,

Alexis Griswold, @lexigriswold, , ,

Golden Boy, @GoldenJock, , ,

hews, @hews__, , ,

ğŸ›å°ã‚«ğŸ”C105æ–°åˆŠå§”è¨—ä¸­, @a_in_k, , ,

Antje Utgaard, @AwesomeANTJAY, , ,

âœ¨Jewelzâœ¨ğŸ± $3.50 OFâš¡ï¸, @jewelz_blu, , ,

ã®ã‚Šã®ã‚Š, @qconsaibai082, , ,

é«˜æŸ³ã‚«ãƒ„ãƒ¤, @hatsujohki, , ,

Violetta SwotsonğŸ¥°, @SwotsonVioletta, , ,

Vaporizationist, @Vaporizationist, , ,

Ana Fuckin Foxxx, @AnaFoxxx, , ,

Isabel, @Isa_mabel2493, , ,

SLLLIVER / fevercell, @thelastsliver, , ,

Violetta â˜º, @Amiracuppcake, , ,

ã­ãã‚Œã™ã“, @Negrescore0, , ,

MrPotatoParty, @MrPotatoParty, , ,

SANDRA ğŸ’«, @ksandryx, , ,

Anissa Kate, @AnissaKate, , ,

Amanda Essen, @EssenAmanda, , ,

ğŸ³, @Edendenoden, , ,

ä¼Šå³¶ãƒ¦ã‚¦ğŸ”, @ijima_yuu, , ,

darnel, @tasandre621, , ,

JJ Rebelle, @jjrebelle, , ,

kyngthottie, @KodKyngthottie, , ,

infinote, @infinote, , ,

Cory Chase, @CoryChaseXXX, , ,

Itzan Zayn ğŸ‡»ğŸ‡ªğŸ”¥, @itzanzayn, , ,

ASS ğŸ¥´, @_bigbutts_, , ,

BèŒ¶@æŠ•ç¨¿ç”¨, @bkyuuocha, , ,

Pornhub, @Pornhub, , ,

jubivi âœ¨Commission Open, @jubimage, , ,

ğŸ’AdrianağŸ’ $4 Sale!, @xLovelyAdrianax, , ,

ã©ã†ã—ã¾, @doshimash0, , ,

Michael NYC, @Michael__NYC, , ,

bdsm ç ”ç©¶æ‰€, @subdom123456, , ,

Highlight Overdrive, @HighlightOver, , ,

ğŸ‡· ğŸ‡´ ğŸ‡¸ ğŸ‡º ğŸ° Rosuuri, @rosuuri, , ,

ã¾ã‚“ã™, @m_mance, , ,

Metro Boomin, @MetroBoomin, , ,

Joe Fleming, @flemdog36, , ,

Serena Myers, @HorrorLover666, , ,

SquChan ğŸŒ™âœ¨, @SquChan, , ,

Jayden Cole, @JaydenCole, , ,

MAKI/å‰µç”°ãã¿ğŸš‘, @shmaxion, , ,

Hooked On Angela, @HookedonAngela, , ,

KrissyVictoryâœ¨ğŸ’•, @KrissyVictory, , ,

Natassia Dreams(+18), @NATASSIADREAMSX, , ,

92MğŸ‘“(æœˆ)æ±M28ab, @92M, , ,

Angie Griffin, @AngieMGriffin, , ,

HANğŸŸ å†¬ã‚³ãƒŸæ–°åˆŠå§”è¨—ä¸­, @han64, , ,

Sinn Sage ğŸ³ï¸â€ğŸŒˆ#BLMğŸ‰, @sinnsage, , ,

Kayden Kross, @Kayden_Kross, , ,

Mia Rose â™›, @miarosexxx, , ,

Al Bundy, @AlBundy33, , ,

AltPornNet, @AltPornNet, , ,

ã‚³ã‚³å±±, @cocoyama, , ,

ã™ã°ã¡, @subachi, , ,

ã‚¤ãƒ©ã‚¹ãƒˆä»•äº‹å‹Ÿé›†ä¸­ã€‚Vãƒ‡ã‚¶, @himegotomoyuru, , ,

Pierce The Veil, @piercetheveil, , ,

sin, @sinh, , ,

å‘‰ãƒã‚µãƒ’ãƒ­@æ–°ä½œå¥³å­¦æ ¡4.5 ç™ºå£²ä¸­, @cle_masahiro, , ,

SuicideGirls, @SuicideGirls, , ,

ã¨ã‚ã¦ã„(æ¯æ—¥ãƒãƒƒã‚¯ãƒ™ã‚¢å­), @torotei, , ,

ãã¾ã®ã¨ãŠã‚‹ğŸ”, @kumadano, , ,

mignon/å€‹å±•2.7-2.16, @mignon, , ,

ğŸƒ Ferran Luengo ğŸ’¬, @Luen, , ,

Vox Efx ğŸŠ, @voxefx, , ,

Ashley ğŸ’, @Mermaid_Ashx, , ,

sLayYğŸŒ¹â¤ï¸, @TheSlayShow123, , ,

FoToRo, @FoToRo, , ,

é€†æµèŒ¶ä¼š, @niliuchahui, , ,

Hope Beel, @realhopebeel, , ,

Ashuâ„¢, @ash_coolx, , ,

â­ï¸ Jordan Starr â­ï¸, @JordanStarrXXX, , ,

Ghastly ğŸ‘¾ğŸ‘», @Ghastly_VTuber, , ,

ğŸŒ¸Ğ¡ute Abby ğŸŒ¸, @cuUteeAbby, , ,

Blacked Future, @xmakemefade, , ,

Not MissBNasty, @BrittNotBNasty, , ,

ã‚ã¾ã¦ã‚ƒ, @E9uin0x, , ,

ã­ã˜ã‚, @8nejiro, , ,

ãƒŸã‚³ã‚¸ãƒ³, @huhuhu13422, , ,

Dominique Rystan, @DomRystan, , ,

J Girl, @juliethardt, , ,

ã¿ã‚Œã„ï¼ 1æ—¥ç›®è¥¿ã‚-21a, @_mi_rei, , ,

ãƒ•ãƒ­ãƒªãƒ€ã¡ã‚ƒã‚“, @ryuseihashida, , ,

Jane Scarlett ğŸ¤¤ğŸ’¦, @Mulanfreaky, , ,

Ira Rose FACETIME, @IraRosejanice, , ,

vote little puck for XMA & AVNs!ğŸ’«, @littlepuck, , ,

Brianne BluXXX, @brianne_blu, , ,

chloeğŸ¦Š, @chloefoxxe, , ,

Peejay,@PJatYourService, , ,

ãƒ¢ãƒ«ãƒğŸ”, @rinaka_moruchi, , ,

æ–°ä½œå‡ºã¾ã—ãŸã€‚ é¿é›£â†’, @rinaka_moruchi2, , ,

FğŸ•Š, @5era7_, , ,

real ratna, @ratnatuwagapat, , ,

rurudo, @rurudo_, , ,

à¸”à¸¹à¹„à¸›à¹€à¸£à¸·à¹ˆà¸­à¸¢ ğŸ˜…, @thistwitbank, , ,

Bitseon / ë¹›ì„ , @Bitseon_, , ,

Imperial Femdom II, @ImperialFemdom2, , ,

nonco@é€±ãƒã‚¬ã§ã€ã‚«ãƒŠãƒãƒ§ãƒ­ã€é€£è¼‰ä¸­ãŒ , @nonco331, , ,

Almualim ğŸ”, @Almualim_, , ,

ãˆã°ã¡ğŸ”C105(æ—¥)æ±K-58a, @everchix, , ,

ä¸€åªå½éœ¸å…½ï¼ˆå¼€æ’­é€šçŸ¥å·, @Xl610mai, , ,

Sxilent ğŸ“½ğŸ POV VR, @sxilentsPOV, , ,

Bigdad ğŸ”, @darnact, , ,

Tyson flores, @TysonTydavon23, , ,

Ã¶zlem, @zlem32492776, , ,

MCR, @chirong559, , ,

Danny Luxxx, @Dannyphantom322, , ,

ClydeChristy, @CYJMYTF, , ,

ğŸ†ğŸ‘ŒğŸ»ğŸ”¥, @1bixl, , ,

Ayul@ãŠä»•äº‹å‹Ÿé›†ä¸­, @Ayul_oekaki, , ,

ğ‘ğšğœğ¡ğğ¥ ğ£ğğ§ğ§ğš, @Racheljenna09, , ,

Only The Sexiest 18+, @OnlyTheSexiest_, , ,

Budu, @Budu_nsfw, , ,

Michelle Rabbit, @michelleerabit, , ,

HxxG / ãƒ›ãƒ³ğŸ¡, @Cheon1986, , ,

DeepLush OG, @veryowengray, , ,

ã ãˆã‚‚ã‚“@Ci-en, @dae_mon3, , ,

HardCandyî¨€, @maihardcandy, , ,
